model,mae_valid,rmse_valid,r2_valid,mae_test,rmse_test,r2_test,skill_valid,skill_test
Climatology,1.809398372420864,2.178526078105984,-0.006249411469310129,1.725860348583878,2.085190486898455,0.033064517065183874,,
Seasonal naive,2.4892781045751633,3.2357503656277524,-1.24794718740762,2.0536571895424838,2.6821279197694015,-0.8222550249932761,-0.37574905698884975,-0.18993242484977024
Persistence,2.496668585131894,3.113816326095981,-0.9441079239001455,2.2295014388489207,2.8535825368900976,-0.7050714883333589,-0.3798335530674237,-0.29182030323501906
Linear Regression,1.8211795352970448,2.163622015022941,0.020247399927298848,1.9109675764267153,2.2433846576993592,-0.015563969810971301,-0.006511093994418848,-0.10725504412609266
Gradient Boosting,1.8856399942216566,2.2852210119751364,-0.09297457240475593,1.9277349233872965,2.314817263698582,-0.0812676729860422,-0.04213644875715561,-0.1169703997018432
LSTM,1.8400382004134523,2.1811011640745317,0.004353296387876182,1.9025990173519653,2.225309680087051,0.0007349270409287012,-0.016933710375562017,-0.10240612394456305
CNN,1.8981005876254373,2.2626743275531624,-0.07151372882832274,1.9214879295387537,2.2732204156244356,-0.04275646037507497,-0.04902304354673159,-0.11335075929833738
BiLSTM-CNN-Attention,1.8175336310471657,2.1770373806207948,0.008059977552099529,1.8754037560853858,2.2058959510722813,0.018094165179923127,-0.004496112492583526,-0.08664861419651526
