model               , mae_valid         , rmse_valid        , r2_valid           , mae_test          , rmse_test         , r2_test            , skill_valid         , skill_test
Climatology         , 1.809398372420864 , 2.178526078105984 , -0.0062494114693101, 1.725860348583878 , 2.085190486898455 , 0.0330645170651838 ,                     , 
Persistence         , 1.7032752192982457, 2.45591304155855  , -0.2707535188862313, 1.4111521929824562, 2.0490527736197883, 0.069917609346314  , 0.0586510713948703  , 0.1823485636364782
Seasonal naive      , 2.4892781045751637, 3.2357503656277524, -1.24794718740762  , 2.053657189542484 , 2.682127919769401 , -0.8222550249932761, -0.3757490569888497 , -0.1899324248497702
Linear regression   , 1.7398913224769466, 2.1784299914508582, 0.0727694412585663 , 1.6859645157401344, 2.0310970396394006, 0.156725075711018  , 0.0384144536677797  , 0.0231164896258723
Gradient boosting   , 1.699288154557535 , 2.134419595158493 , 0.1098563053291352 , 1.6212543858642678, 2.03599288281752  , 0.152654844194216  , 0.0608546020277495  , 0.0606109079482836
LSTM                , 1.6864219838548649, 2.0654867713133203, 0.1664237029214159 , 1.613116763645489 , 1.9088722425545652, 0.2551624454475638 , 0.0679653471786118  , 0.065326018429532
CNN                 , 1.6895297468516073, 2.1194476685812185, 0.1223003666945461 , 1.629626081967996 , 1.969048643798016 , 0.2074608399261064 , 0.06624778014411492 , 0.05576017010579404
BiLSTM-CNN-Attention, 1.764591846719496 , 2.126648124995951 , 0.1163265714211942 , 1.6902393322131837, 1.978061936382966 , 0.2001885597464786 , 0.024763217644226954, 0.020639570519087713
