model,mae_valid,rmse_valid,r2_valid,mae_test,rmse_test,r2_test,skill_valid,skill_test
Climatology,1.809398372420864,2.178526078105984,-0.006249411469310129,1.725860348583878,2.085190486898455,0.033064517065183874,,
Seasonal naive,2.4892781045751633,3.2357503656277524,-1.24794718740762,2.0536571895424838,2.6821279197694015,-0.8222550249932761,-0.37574905698884975,-0.18993242484977024
Persistence,2.2038584444444447,2.9108613827410834,-0.7713162785947036,1.9786744444444442,2.6071569639700978,-0.49671245210520487,-0.21800620473412802,-0.14648583592989328
Linear Regression,1.8985658369346103,2.284290451514666,-0.021306045872619084,1.889736827202185,2.204266988248729,-0.0018965369259338338,-0.04928017283139585,-0.09495349884640025
Gradient Boosting,1.9706024853925708,2.422680179619829,-0.14880264448014602,1.8917368731896462,2.314136615459419,-0.10426287193932127,-0.08909265943244193,-0.09611236780651167
LSTM,1.87108353909976,2.2429641626363854,0.015313637192050367,1.829828470430271,2.132319933890962,0.062439685306153736,-0.034091534301738724,-0.06024132945154115
CNN,1.90036249401442,2.290466920175303,-0.02683650977287222,1.8603381776849506,2.2003114631518015,0.0016960143578620412,-0.050273131102605895,-0.07791929932883379
BiLSTM-CNN-Attention,1.9290248143488669,2.309195271123245,-0.043697331260906136,1.8356182915964654,2.1493200875328773,0.04743048754402868,-0.06611393253767006,-0.06359607433049108
