model,mae_valid,rmse_valid,r2_valid,mae_test,rmse_test,r2_test,skill_valid,skill_test,skill_rmse_valid,skill_rmse_test
Climatology,1.809398372420864,2.178526078105984,-0.006249411469310129,1.725860348583878,2.085190486898455,0.033064517065183874,,,,
Seasonal naive,2.4892781045751633,3.2357503656277524,-1.24794718740762,2.0536571895424838,2.6821279197694015,-0.8222550249932761,-0.37574905698884975,-0.18993242484977024,-0.48529338167983815,-0.286274772794902
Persistence,2.334293378995434,3.066532282134729,-0.9370727419159821,2.164074429223744,2.783995794048285,-0.6759344438043624,-0.2900936657040829,-0.2539105096188312,-0.4076178903494143,-0.33512780321055646
Linear Regression,1.8414458106381713,2.2033345949035357,0.013863144229552815,1.9194292347898139,2.231668358455898,-0.021744343788823395,-0.017711654164046742,-0.11215790800499303,-0.011387752961451891,-0.0702467580193673
Gradient Boosting,1.9777872438093262,2.382857645398148,-0.15338016717543024,1.9280591304867696,2.339626422484739,-0.12299019736954708,-0.09306345907848268,-0.11715825215452802,-0.09379349154718875,-0.1220204759157213
LSTM,1.8584183544056625,2.204068006240043,0.0132065355400931,1.847476799476929,2.1513768086680645,0.05045424640917706,-0.027091868066186464,-0.07046714468690429,-0.011724407796056768,-0.031741139327782
CNN,1.8395044364356934,2.205291467574842,0.012110708434665884,1.8840880643765132,2.1912918523045892,0.014893060669930236,-0.01663871509652637,-0.09168048615432078,-0.012286008296089612,-0.05088329630927424
BiLSTM-CNN-Attention,1.909787486906862,2.2597107100058955,-0.03724648426134314,1.9002724503360862,2.2388109931954943,-0.02829516076028682,-0.05548204089057718,-0.1010580617923802,-0.03726585268627747,-0.07367216916740138
