model,mae_valid,rmse_valid,r2_valid,mae_test,rmse_test,r2_test
Linear Regression,0.9058265564121543,1.2453228512065313,0.6957737035624113,0.908597750731933,1.166400221825588,0.7208528118179552
Gradient Boosting,0.4056975503779365,0.6307867224543732,0.9219455042756535,0.399447478320638,0.6240275323986084,0.9201002218868131
LSTM,0.2972725802999601,0.455129201664225,0.9593648152688266,0.30729982162189867,0.47370370411904195,0.9539582701945468
CNN,0.4975314715735151,0.6626955146573035,0.913848885882442,0.48636603637617176,0.6659273943970061,0.9090103839737941
BiLSTM-CNN-Attention,0.40351651136620675,0.6532732414130729,0.9162812809200781,0.39029524224962,0.6102679323814483,0.9235849027723768
