model,mae_valid,rmse_valid,r2_valid,mae_test,rmse_test,r2_test,skill_valid,skill_test
Linear Regression,0.9058265564121544,1.2453228512065313,0.6957737035624113,0.908597750731933,1.166400221825588,0.7208528118179552,0.4993769364342834,0.47353924002167047
Gradient Boosting,0.4056975503779365,0.6307867224543732,0.9219455042756536,0.399447478320638,0.6240275323986084,0.9201002218868132,0.7757831793364895,0.7685516799500046
LSTM,0.2972725802999601,0.455129201664225,0.9593648152688266,0.3072998216218986,0.4737037041190419,0.9539582701945468,0.8357063956555749,0.8219439818093928
CNN,0.4975314715735151,0.6626955146573035,0.913848885882442,0.4863660363761717,0.6659273943970061,0.909010383973794,0.7250293361832483,0.7181892284765392
BiLSTM-CNN-Attention,0.4035165113662067,0.6532732414130729,0.916281280920078,0.39029524224962,0.6102679323814483,0.9235849027723768,0.7769885739278486,0.7738546791634275
