model,mae_valid,rmse_valid,r2_valid,mae_test,rmse_test,r2_test,skill_valid,skill_test,skill_rmse_valid,skill_rmse_test
Linear Regression,0.9058265564121543,1.2453228512065313,0.6957737035624113,0.908597750731933,1.166400221825588,0.7208528118179552,0.4993769364342835,0.47353924002167047,0.42836449665582244,0.44062653788503037
Gradient Boosting,0.4056975503779365,0.6307867224543732,0.9219455042756535,0.399447478320638,0.6240275323986084,0.9201002218868131,0.7757831793364895,0.7685516799500046,0.7104525262315058,0.7007335606413605
LSTM,0.2972725802999601,0.455129201664225,0.9593648152688266,0.30729982162189867,0.47370370411904195,0.9539582701945468,0.8357063956555749,0.8219439818093928,0.7910838863770153,0.7728247337135917
CNN,0.4975314715735151,0.6626955146573035,0.913848885882442,0.48636603637617176,0.6659273943970061,0.9090103839737941,0.7250293361832483,0.7181892284765392,0.6958055626153199,0.6806395393700857
BiLSTM-CNN-Attention,0.40351651136620675,0.6532732414130729,0.9162812809200781,0.39029524224962,0.6102679323814483,0.9235849027723768,0.7769885739278485,0.7738546791634275,0.700130630531157,0.7073322863230733
